Workbook

Sheet Conversion Tables
A1: Listening raw (min correct) | B1: Listening band
A2: 0 | B2: 0
A3: 2 | B3: 1.5
A4: 4 | B4: 2
A5: 6 | B5: 2.5
A6: 8 | B6: 3.5
A7: 10 | B7: 4
A8: 13 | B8: 4.5
A9: 14 | B9: 4.5
A10: 16 | B10: 5
A11: 18 | B11: 5.5
A12: 23 | B12: 6
A13: 26 | B13: 6.5
... A18: 39 | B18: 9
A20: Reading raw (min correct) (AC) | B20: Reading band (AC)
A21: 0 | B21: 0
A22: 2 | B22: 1.5
A23: 4 | B23: 2
A24: 6 | B24: 2.5
A25: 8 | B25: 3.5
A26: 10 | B26: 4
A27: 13 | B27: 4.5
A28: 15 | B28: 5
A29: 17 | B29: 5
A30: 19 | B30: 5.5
A31: 23 | B31: 6
A32: 27 | B32: 6.5
... A37: 39 | B37: 9

Sheet IELTS Results
A1: O'quvchi ismi | B1: Reading (to'g'ri javoblar) | C1: Reading band (ball) | D1: Listening (to'g'ri javoblar) | E1: Listening band (ball) | F1: Writing band | G1: Speaking band | H1: Overall score | I1: Coin
A2: Zayirova Amina | B2: 25 | D2: 32 | E2: =IF(D2="","",VLOOKUP(D2,'Conversion Tables'!$A$2:$B$18,2,TRUE)) -> 7.5 | F2: 5.5 | G2: 7.5 | H2: =IF(AND(C2="",E2="",F2="",G2=""),"",ROUND(AVERAGE(C2,E2,F2,G2)*2,0)/2) -> 7 | I2: =IF(H2="","",IF(H2=6,5,IF(H2=6.5,10,IF(H2=7,15,IF(H2=7.5,20,IF(H2=8,30,0)))))) -> 15
A3: Nozila | B3: 20 | C3: =IF(B3="","",VLOOKUP(B3,'Conversion Tables'!$A$21:$B$37,2,TRUE)) -> 5.5 | D3: 30 | E3: =IF(D3="","",VLOOKUP(D3,'Conversion Tables'!$A$2:$B$18,2,TRUE)) -> 7 | F3: 5.5 | G3: 6.5 | H3: =IF(AND(C3="",E3="",F3="",G3=""),"",ROUND(AVERAGE(C3,E3,F3,G3)*2,0)/2) -> 6 | I3: =IF(H3="","",IF(H3=6,5,IF(H3=6.5,10,IF(H3=7,15,IF(H3=7.5,20,IF(H3=8,30,0)))))) -> 5
A4: Ruxshona | B4: 21 | C4: =IF(B4="","",VLOOKUP(B4,'Conversion Tables'!$A$21:$B$37,2,TRUE)) -> 5.5 | D4: 31 | E4: =IF(D4="","",VLOOKUP(D4,'Conversion Tables'!$A$2:$B$18,2,TRUE)) -> 7 | F4: 6 | G4: 5.5 | H4: =IF(AND(C4="",E4="",F4="",G4=""),"",ROUND(AVERAGE(C4,E4,F4,G4)*2,0)/2) -> 6 | I4: =IF(H4="","",IF(H4=6,5,IF(H4=6.5,10,IF(H4=7,15,IF(H4=7.5,20,IF(H4=8,30,0)))))) -> 5
A5: Dilnoza Xushboqova | B5: 25 | C5: 6 | D5: 27 | E5: =IF(D5="","",VLOOKUP(D5,'Conversion Tables'!$A$2:$B$18,2,TRUE)) -> 6.5 | F5: 6 | G5: 7.5 | H5: =IF(AND(C5="",E5="",F5="",G5=""),"",ROUND(AVERAGE(C5,E5,F5,G5)*2,0)/2) -> 6.5 | I5: =IF(H5="","",IF(H5=6,5,IF(H5=6.5,10,IF(H5=7,15,IF(H5=7.5,20,IF(H5=8,30,0)))))) -> 10
A6: Suyunova Mohinur | B6: 21 | C6: =IF(B6="","",VLOOKUP(B6,'Conversion Tables'!$A$21:$B$37,2,TRUE)) -> 5.5 | D6: 29 | E6: =IF(D6="","",VLOOKUP(D6,'Conversion Tables'!$A$2:$B$18,2,TRUE)) -> 6.5 | F6: 6 | G6: 6 | H6: =IF(AND(C6="",E6="",F6="",G6=""),"",ROUND(AVERAGE(C6,E6,F6,G6)*2,0)/2) -> 6 | I6: =IF(H6="","",IF(H6=6,5,IF(H6=6.5,10,IF(H6=7,15,IF(H6=7.5,20,IF(H6=8,30,0)))))) -> 5
A7: Munisa | B7: 18 | C7: =IF(B7="","",VLOOKUP(B7,'Conversion Tables'!$A$21:$B$37,2,TRUE)) -> 5 | D7: 27 | E7: =IF(D7="","",VLOOKUP(D7,'Conversion Tables'!$A$2:$B$18,2,TRUE)) -> 6.5 | F7: 6 | G7: 6.5 | H7: =IF(AND(C7="",E7="",F7="",G7=""),"",ROUND(AVERAGE(C7,E7,F7,G7)*2,0)/2) -> 6 | I7: =IF(H7="","",IF(H7=6,5,IF(H7=6.5,10,IF(H7=7,15,IF(H7=7.5,20,IF(H7=8,30,0)))))) -> 5
A8: Qo’zimurodova Sabrina | B8: 18 | C8: =IF(B8="","",VLOOKUP(B8,'Conversion Tables'!$A$21:$B$37,2,TRUE)) -> 5 | D8: 16 | E8: =IF(D8="","",VLOOKUP(D8,'Conversion Tables'!$A$2:$B$18,2,TRUE)) -> 5 | F8: 4.5 | G8: 4.5 | H8: =IF(AND(C8="",E8="",F8="",G8=""),"",ROUND(AVERAGE(C8,E8,F8,G8)*2,0)/2) -> 5 | I8: =IF(H8="","",IF(H8=6,5,IF(H8=6.5,10,IF(H8=7,15,IF(H8=7.5,20,IF(H8=8,30,0)))))) -> 0
A9: Sultonova Nodira | B9: 17 | C9: =IF(B9="","",VLOOKUP(B9,'Conversion Tables'!$A$21:$B$37,2,TRUE)) -> 5 | E9: =IF(D9="","",VLOOKUP(D9,'Conversion Tables'!$A$2:$B$18,2,TRUE)) | G9: 5.5 | H9: =IF(AND(C9="",E9="",F9="",G9=""),"",ROUND(AVERAGE(C9,E9,F9,G9)*2,0)/2) -> 5.5 | I9: =IF(H9="","",IF(H9=6,5,IF(H9=6.5,10,IF(H9=7,15,IF(H9=7.5,20,IF(H9=8,30,0)))))) -> 0
A10: Safarova Fotima | B10: 13 | C10: =IF(B10="","",VLOOKUP(B10,'Conversion Tables'!$A$21:$B$37,2,TRUE)) -> 4.5 | D10: 13 | E10: =IF(D10="","",VLOOKUP(D10,'Conversion Tables'!$A$2:$B$18,2,TRUE)) -> 4.5 | G10: 5.5 | H10: =IF(AND(C10="",E10="",F10="",G10=""),"",ROUND(AVERAGE(C10,E10,F10,G10)*2,0)/2) -> 5 | I10: =IF(H10="","",IF(H10=6,5,IF(H10=6.5,10,IF(H10=7,15,IF(H10=7.5,20,IF(H10=8,30,0)))))) -> 0
A11: Baxriddinov Baxtiyor | B11: 16 | C11: =IF(B11="","",VLOOKUP(B11,'Conversion Tables'!$A$21:$B$37,2,TRUE)) -> 5 | D11: 18 | E11: =IF(D11="","",VLOOKUP(D11,'Conversion Tables'!$A$2:$B$18,2,TRUE)) -> 5.5 | F11: 5.5 | G11: 5.5 | H11: =IF(AND(C11="",E11="",F11="",G11=""),"",ROUND(AVERAGE(C11,E11,F11,G11)*2,0)/2) -> 5.5 | I11: =IF(H11="","",IF(H11=6,5,IF(H11=6.5,10,IF(H11=7,15,IF(H11=7.5,20,IF(H11=8,30,0)))))) -> 0
A12: Nurullayev Doston | B12: 22 | C12: =IF(B12="","",VLOOKUP(B12,'Conversion Tables'!$A$21:$B$37,2,TRUE)) -> 5.5 | D12: 26 | E12: =IF(D12="","",VLOOKUP(D12,'Conversion Tables'!$A$2:$B$18,2,TRUE)) -> 6.5 | F12: 6 | G12: 5 | H12: =IF(AND(C12="",E12="",F12="",G12=""),"",ROUND(AVERAGE(C12,E12,F12,G12)*2,0)/2) -> 6 | I12: =IF(H12="","",IF(H12=6,5,IF(H12=6.5,10,IF(H12=7,15,IF(H12=7.5,20,IF(H12=8,30,0)))))) -> 5
A13: Umarov Sharof | B13: 18 | C13: =IF(B13="","",VLOOKUP(B13,'Conversion Tables'!$A$21:$B$37,2,TRUE)) -> 5 | D13: 32 | E13: =IF(D13="","",VLOOKUP(D13,'Conversion Tables'!$A$2:$B$18,2,TRUE)) -> 7.5 | F13: 6 | G13: 6 | H13: =IF(AND(C13="",E13="",F13="",G13=""),"",ROUND(AVERAGE(C13,E13,F13,G13)*2,0)/2) -> 6 | I13: =IF(H13="","",IF(H13=6,5,IF(H13=6.5,10,IF(H13=7,15,IF(H13=7.5,20,IF(H13=8,30,0)))))) -> 5
A14: Yusufov Islombek | B14: 22 | C14: =IF(B14="","",VLOOKUP(B14,'Conversion Tables'!$A$21:$B$37,2,TRUE)) -> 5.5 | D14: 30 | E14: =IF(D14="","",VLOOKUP(D14,'Conversion Tables'!$A$2:$B$18,2,TRUE)) -> 7 | F14: 6 | G14: 5.5 | H14: =IF(AND(C14="",E14="",F14="",G14=""),"",ROUND(AVERAGE(C14,E14,F14,G14)*2,0)/2) -> 6 | I14: =IF(H14="","",IF(H14=6,5,IF(H14=6.5,10,IF(H14=7,15,IF(H14=7.5,20,IF(H14=8,30,0)))))) -> 5
A15: Musurmonov Asilbek | B15: 16 | C15: =IF(B15="","",VLOOKUP(B15,'Conversion Tables'!$A$21:$B$37,2,TRUE)) -> 5 | D15: 23 | E15: =IF(D15="","",VLOOKUP(D15,'Conversion Tables'!$A$2:$B$18,2,TRUE)) -> 6 | F15: 6 | G15: 6.5 | H15: =IF(AND(C15="",E15="",F15="",G15=""),"",ROUND(AVERAGE(C15,E15,F15,G15)*2,0)/2) -> 6 | I15: =IF(H15="","",IF(H15=6,5,IF(H15=6.5,10,IF(H15=7,15,IF(H15=7.5,20,IF(H15=8,30,0)))))) -> 5
A16: Ahmad Vohidov | B16: 26 | C16: =IF(B16="","",VLOOKUP(B16,'Conversion Tables'!$A$21:$B$37,2,TRUE)) -> 6 | D16: 28 | E16: =IF(D16="","",VLOOKUP(D16,'Conversion Tables'!$A$2:$B$18,2,TRUE)) -> 6.5 | F16: 6 | G16: 6 | H16: =IF(AND(C16="",E16="",F16="",G16=""),"",ROUND(AVERAGE(C16,E16,F16,G16)*2,0)/2) -> 6 | I16: =IF(H16="","",IF(H16=6,5,IF(H16=6.5,10,IF(H16=7,15,IF(H16=7.5,20,IF(H16=8,30,0)))))) -> 5
A17: Mamanov Islom | B17: N/A | C17: =IF(B17="","",VLOOKUP(B17,'Conversion Tables'!$A$21:$B$37,2,TRUE)) -> #N/A | D17: 20 | E17: =IF(D17="","",VLOOKUP(D17,'Conversion Tables'!$A$2:$B$18,2,TRUE)) -> 5.5 | F17: N/A | G17: N/A | H17: =IF(AND(C17="",E17="",F17="",G17=""),"",ROUND(AVERAGE(C17,E17,F17,G17)*2,0)/2) -> #N/A | I17: =IF(H17="","",IF(H17=6,5,IF(H17=6.5,10,IF(H17=7,15,IF(H17=7.5,20,IF(H17=8,30,0)))))) -> #N/A
A18: Alimardonova Fotima | B18: 24 | C18: =IF(B18="","",VLOOKUP(B18,'Conversion Tables'!$A$21:$B$37,2,TRUE)) -> 6 | D18: 37 | E18: =IF(D18="","",VLOOKUP(D18,'Conversion Tables'!$A$2:$B$18,2,TRUE)) -> 8.5 | F18: 6.5 | G18: 6 | H18: =IF(AND(C18="",E18="",F18="",G18=""),"",ROUND(AVERAGE(C18,E18,F18,G18)*2,0)/2) -> 7 | I18: =IF(H18="","",IF(H18=6,5,IF(H18=6.5,10,IF(H18=7,15,IF(H18=7.5,20,IF(H18=8,30,0)))))) -> 15
A19: Tohirova Ruxshona | B19: 21 | C19: =IF(B19="","",VLOOKUP(B19,'Conversion Tables'!$A$21:$B$37,2,TRUE)) -> 5.5 | D19: 30 | E19: =IF(D19="","",VLOOKUP(D19,'Conversion Tables'!$A$2:$B$18,2,TRUE)) -> 7 | F19: 6 | G19: 6.5 | H19: =IF(AND(C19="",E19="",F19="",G19=""),"",ROUND(AVERAGE(C19,E19,F19,G19)*2,0)/2) -> 6.5 | I19: =IF(H19="","",IF(H19=6,5,IF(H19=6.5,10,IF(H19=7,15,IF(H19=7.5,20,IF(H19=8,30,0)))))) -> 10
A20: Abdurahimova Farida | B20: 25 | C20: =IF(B20="","",VLOOKUP(B20,'Conversion Tables'!$A$21:$B$37,2,TRUE)) -> 6 | D20: 30 | E20: =IF(D20="","",VLOOKUP(D20,'Conversion Tables'!$A$2:$B$18,2,TRUE)) -> 7 | F20: 6.5 | G20: 6.5 | H20: =IF(AND(C20="",E20="",F20="",G20=""),"",ROUND(AVERAGE(C20,E20,F20,G20)*2,0)/2) -> 6.5 | I20: =IF(H20="","",IF(H20=6,5,IF(H20=6.5,10,IF(H20=7,15,IF(H20=7.5,20,IF(H20=8,30,0)))))) -> 10
A21: Odilova Shabnam | B21: 17 | C21: =IF(B21="","",VLOOKUP(B21,'Conversion Tables'!$A$21:$B$37,2,TRUE)) -> 5 | D21: 20 | E21: =IF(D21="","",VLOOKUP(D21,'Conversion Tables'!$A$2:$B$18,2,TRUE)) -> 5.5 | F21: 5.5 | G21: 6 | H21: =IF(AND(C21="",E21="",F21="",G21=""),"",ROUND(AVERAGE(C21,E21,F21,G21)*2,0)/2) -> 5.5 | I21: =IF(H21="","",IF(H21=6,5,IF(H21=6.5,10,IF(H21=7,15,IF(H21=7.5,20,IF(H21=8,30,0)))))) -> 0
C22: =IF(B22="","",VLOOKUP(B22,'Conversion Tables'!$A$21:$B$37,2,TRUE)) | E22: =IF(D22="","",VLOOKUP(D22,'Conversion Tables'!$A$2:$B$18,2,TRUE)) | H22: =IF(AND(C22="",E22="",F22="",G22=""),"",ROUND(AVERAGE(C22,E22,F22,G22)*2,0)/2) | I22: =IF(H22="","",IF(H22=6,5,IF(H22=6.5,10,IF(H22=7,15,IF(H22=7.5,20,IF(H22=8,30,0))))))
C23: =IF(B23="","",VLOOKUP(B23,'Conversion Tables'!$A$21:$B$37,2,TRUE)) | E23: =IF(D23="","",VLOOKUP(D23,'Conversion Tables'!$A$2:$B$18,2,TRUE)) | H23: =IF(AND(C23="",E23="",F23="",G23=""),"",ROUND(AVERAGE(C23,E23,F23,G23)*2,0)/2) | I23: =IF(H23="","",IF(H23=6,5,IF(H23=6.5,10,IF(H23=7,15,IF(H23=7.5,20,IF(H23=8,30,0))))))
C24: =IF(B24="","",VLOOKUP(B24,'Conversion Tables'!$A$21:$B$37,2,TRUE)) | E24: =IF(D24="","",VLOOKUP(D24,'Conversion Tables'!$A$2:$B$18,2,TRUE)) | H24: =IF(AND(C24="",E24="",F24="",G24=""),"",ROUND(AVERAGE(C24,E24,F24,G24)*2,0)/2) | I24: =IF(H24="","",IF(H24=6,5,IF(H24=6.5,10,IF(H24=7,15,IF(H24=7.5,20,IF(H24=8,30,0))))))
C25: =IF(B25="","",VLOOKUP(B25,'Conversion Tables'!$A$21:$B$37,2,TRUE)) | E25: =IF(D25="","",VLOOKUP(D25,'Conversion Tables'!$A$2:$B$18,2,TRUE)) | H25: =IF(AND(C25="",E25="",F25="",G25=""),"",ROUND(AVERAGE(C25,E25,F25,G25)*2,0)/2) | I25: =IF(H25="","",IF(H25=6,5,IF(H25=6.5,10,IF(H25=7,15,IF(H25=7.5,20,IF(H25=8,30,0))))))
C26: =IF(B26="","",VLOOKUP(B26,'Conversion Tables'!$A$21:$B$37,2,TRUE)) | E26: =IF(D26="","",VLOOKUP(D26,'Conversion Tables'!$A$2:$B$18,2,TRUE)) | H26: =IF(AND(C26="",E26="",F26="",G26=""),"",ROUND(AVERAGE(C26,E26,F26,G26)*2,0)/2) | I26: =IF(H26="","",IF(H26=6,5,IF(H26=6.5,10,IF(H26=7,15,IF(H26=7.5,20,IF(H26=8,30,0))))))
C27: =IF(B27="","",VLOOKUP(B27,'Conversion Tables'!$A$21:$B$37,2,TRUE)) | E27: =IF(D27="","",VLOOKUP(D27,'Conversion Tables'!$A$2:$B$18,2,TRUE)) | H27: =IF(AND(C27="",E27="",F27="",G27=""),"",ROUND(AVERAGE(C27,E27,F27,G27)*2,0)/2) | I27: =IF(H27="","",IF(H27=6,5,IF(H27=6.5,10,IF(H27=7,15,IF(H27=7.5,20,IF(H27=8,30,0))))))
C28: =IF(B28="","",VLOOKUP(B28,'Conversion Tables'!$A$21:$B$37,2,TRUE)) | E28: =IF(D28="","",VLOOKUP(D28,'Conversion Tables'!$A$2:$B$18,2,TRUE)) | H28: =IF(AND(C28="",E28="",F28="",G28=""),"",ROUND(AVERAGE(C28,E28,F28,G28)*2,0)/2) | I28: =IF(H28="","",IF(H28=6,5,IF(H28=6.5,10,IF(H28=7,15,IF(H28=7.5,20,IF(H28=8,30,0))))))
C29: =IF(B29="","",VLOOKUP(B29,'Conversion Tables'!$A$21:$B$37,2,TRUE)) | E29: =IF(D29="","",VLOOKUP(D29,'Conversion Tables'!$A$2:$B$18,2,TRUE)) | H29: =IF(AND(C29="",E29="",F29="",G29=""),"",ROUND(AVERAGE(C29,E29,F29,G29)*2,0)/2) | I29: =IF(H29="","",IF(H29=6,5,IF(H29=6.5,10,IF(H29=7,15,IF(H29=7.5,20,IF(H29=8,30,0))))))
C30: =IF(B30="","",VLOOKUP(B30,'Conversion Tables'!$A$21:$B$37,2,TRUE)) | E30: =IF(D30="","",VLOOKUP(D30,'Conversion Tables'!$A$2:$B$18,2,TRUE)) | H30: =IF(AND(C30="",E30="",F30="",G30=""),"",ROUND(AVERAGE(C30,E30,F30,G30)*2,0)/2) | I30: =IF(H30="","",IF(H30=6,5,IF(H30=6.5,10,IF(H30=7,15,IF(H30=7.5,20,IF(H30=8,30,0))))))
C31: =IF(B31="","",VLOOKUP(B31,'Conversion Tables'!$A$21:$B$37,2,TRUE)) | E31: =IF(D31="","",VLOOKUP(D31,'Conversion Tables'!$A$2:$B$18,2,TRUE)) | H31: =IF(AND(C31="",E31="",F31="",G31=""),"",ROUND(AVERAGE(C31,E31,F31,G31)*2,0)/2) | I31: =IF(H31="","",IF(H31=6,5,IF(H31=6.5,10,IF(H31=7,15,IF(H31=7.5,20,IF(H31=8,30,0))))))
C32: =IF(B32="","",VLOOKUP(B32,'Conversion Tables'!$A$21:$B$37,2,TRUE)) | E32: =IF(D32="","",VLOOKUP(D32,'Conversion Tables'!$A$2:$B$18,2,TRUE)) | H32: =IF(AND(C32="",E32="",F32="",G32=""),"",ROUND(AVERAGE(C32,E32,F32,G32)*2,0)/2) | I32: =IF(H32="","",IF(H32=6,5,IF(H32=6.5,10,IF(H32=7,15,IF(H32=7.5,20,IF(H32=8,30,0))))))
C33: =IF(B33="","",VLOOKUP(B33,'Conversion Tables'!$A$21:$B$37,2,TRUE)) | E33: =IF(D33="","",VLOOKUP(D33,'Conversion Tables'!$A$2:$B$18,2,TRUE)) | H33: =IF(AND(C33="",E33="",F33="",G33=""),"",ROUND(AVERAGE(C33,E33,F33,G33)*2,0)/2) | I33: =IF(H33="","",IF(H33=6,5,IF(H33=6.5,10,IF(H33=7,15,IF(H33=7.5,20,IF(H33=8,30,0))))))
... C201: =IF(B201="","",VLOOKUP(B201,'Conversion Tables'!$A$21:$B$37,2,TRUE)) | E201: =IF(D201="","",VLOOKUP(D201,'Conversion Tables'!$A$2:$B$18,2,TRUE)) | H201: =IF(AND(C201="",E201="",F201="",G201=""),"",ROUND(AVERAGE(C201,E201,F201,G201)*2,0)/2) | I201: =IF(H201="","",IF(H201=6,5,IF(H201=6.5,10,IF(H201=7,15,IF(H201=7.5,20,IF(H201=8,30,0))))))
